name,phone,address,city,state,zip_code,email,website,category,license_number,license_type,license_expiry,types_of_work,bbb_rating,google_rating,review_count,bbb_profile_url,source
The Gonzalez Property Group LLC,(718) 650-0292,260 Madison Ave Fl 8,New York,NY,10016,,,Real Estate Agent,,Real Estate Agent,,,A+,,,https://www.bbb.org/us/ny/new-york/profile/real-estate-agent/the-gonzalez-property-group-llc-0121-87183123,BBB
SFRealEstateNYS Inc,(347) 401-3354,343 Leland Ave,Bronx,NY,10473,,,Real Estate Agent,,Real Estate Agent,,,A,,,https://www.bbb.org/us/ny/bronx/profile/real-estate-agent/juan-a-sanchez-exp-realty-0121-87176395,BBB
Buchbinder & Warren LLC,(212) 243-2200,1 Union Square West,New York,NY,10003,,,Real Estate Agent,,Real Estate Agent,,,A+,,,https://www.bbb.org/us/ny/new-york/profile/property-management/buchbinder-warren-llc-0121-111844,BBB
"Foxworth Realty, Inc.",(212) 368-4902,360 W 125th St Ste 11,New York,NY,10027,,,Real Estate Agent,,Real Estate Agent,,,A+,,,https://www.bbb.org/us/ny/new-york/profile/real-estate-broker/foxworth-realty-inc-0121-87170348,BBB
Slate Realty LLC,(347) 305-1937,495 Flatbush Ave # C33,Brooklyn,NY,11225,,,Real Estate Agent,,Real Estate Agent,,,A+,,,https://www.bbb.org/us/ny/brooklyn/profile/real-estate-agent/slate-realty-llc-0121-87172832,BBB
Fave Realty Inc.,(516) 519-8049,906 E 180th St Ste 201,Bronx,NY,10460,,,Real Estate Agent,,Real Estate Agent,,,A+,,,https://www.bbb.org/us/ny/bronx/profile/real-estate-agent/fave-realty-inc-0121-146711/addressId/230870,BBB
AA Walker Inc,(332) 222-7390,1739 Troy Ave,Brooklyn,NY,11234,,,Real Estate Agent,,Real Estate Agent,,,A+,,,https://www.bbb.org/us/ny/brooklyn/profile/notary-public/aa-walker-inc-0121-87178813,BBB
Vision Alliance Realty Inc.,(718) 994-6557,1103 E Gun Hill Rd,Bronx,NY,10469,,,Real Estate Agent,,Real Estate Agent,,,A+,,,https://www.bbb.org/us/ny/bronx/profile/real-estate/vision-alliance-realty-inc-0121-87134082,BBB
Salazar Realty Group Inc.,(973) 762-1171,South Orange,Elmhurst,NY,,,,Real Estate Agent,,Real Estate Agent,,,A+,,,https://www.bbb.org/us/nj/south-orange/profile/real-estate-agent/salazar-realty-group-inc-0221-90226530,BBB
Houlihan Parnes Properties,(914) 694-4200,4 W Red Oak Ln Ste 200,West Harrison,NY,10604,,,Real Estate Agent,,Real Estate Agent,,,A+,,,https://www.bbb.org/us/ny/west-harrison/profile/commercial-real-estate/houlihan-parnes-properties-0121-186303,BBB
"Better Buyer, LLC",(203) 676-9953,1008 Main St,"G , Branford",CT,06405,,,Real Estate Agent,,Real Estate Agent,,,A+,,,https://www.bbb.org/us/ct/branford/profile/home-buyers/better-buyer-llc-0111-110089582,BBB
Lauren Ashley Homes LLC,(203) 725-5457,Wolcott,Elmhurst,NY,,,,Real Estate Agent,,Real Estate Agent,,,A,,,https://www.bbb.org/us/ct/wolcott/profile/real-estate-broker/lauren-ashley-homes-llc-0111-110094078,BBB
Homerun Home Solutions LLC,(484) 272-5970,Easton,Elmhurst,NY,,,,Real Estate Agent,,Real Estate Agent,,,A+,,,https://www.bbb.org/us/pa/easton/profile/real-estate-agent/homerun-home-solutions-llc-0241-236091402,BBB
We Buy Philly Home,(267) 652-0252,North Wales,Elmhurst,NY,,,,Real Estate Agent,,Real Estate Agent,,,A+,,,https://www.bbb.org/us/pa/north-wales/profile/real-estate/we-buy-philly-home-0241-236064236,BBB
CademaRealEstateEducation,(860) 227-3595,132 Boston Post Rd,East Lyme,CT,06333,,,Real Estate Agent,,Real Estate Agent,,,A+,,,https://www.bbb.org/us/ct/east-lyme/profile/real-estate-school/cadema-real-estate-education-0111-110079166,BBB
HarringtonRealEstate,(860) 966-9966,Marlborough,Elmhurst,NY,,,,Real Estate Agent,,Real Estate Agent,,,A+,,,https://www.bbb.org/us/ct/marlborough/profile/real-estate-agent/harrington-real-estate-0111-110094320,BBB
Red Apple Realty Inc,(518) 851-9601,Hudson,Elmhurst,NY,,,,Real Estate Agent,,Real Estate Agent,,,A+,,,https://www.bbb.org/us/ny/hudson/profile/real-estate/red-apple-realty-inc-0041-236030097,BBB
Rydon Realty LLC,(860) 698-0010,Enfield,Elmhurst,NY,,,,Real Estate Agent,,Real Estate Agent,,,A+,,,https://www.bbb.org/us/ct/enfield/profile/real-estate/rydon-realty-llc-0111-110088658,BBB
"Ferrigno-Storrs, Realtors LLC",(860) 429-9351,1734 Storrs Rd,Storrs Manfld,CT,06268,,,Real Estate Agent,,Real Estate Agent,,,A+,,,https://www.bbb.org/us/ct/storrs-manfld/profile/real-estate/ferrigno-storrs-realtors-llc-0111-87012409,BBB
Grace Group Realty LLC,(413) 547-6555,Westfield,Elmhurst,NY,,,,Real Estate Agent,,Real Estate Agent,,,A+,,,https://www.bbb.org/us/ma/westfield/profile/real-estate/grace-group-realty-llc-0261-265390,BBB
Genwell Investments LLC,(302) 202-5364,Middletown,Elmhurst,NY,,,,Real Estate Agent,,Real Estate Agent,,,A+,,,https://www.bbb.org/us/de/middletown/profile/real-estate/genwell-investments-llc-0251-92032584,BBB
Crystin & Co. Realty LLC,(518) 986-5484,Schenectady,Elmhurst,NY,,,,Real Estate Agent,,Real Estate Agent,,,A+,,,https://www.bbb.org/us/ny/schenectady/profile/real-estate-broker/crystin-co-realty-llc-0041-236005723,BBB
Gabler Realty LLC,(518) 935-4800,133 Saratoga Rd,"Apt: #6 , East Glenville",NY,12302,,,Real Estate Agent,,Real Estate Agent,,,A+,,,https://www.bbb.org/us/ny/east-glenville/profile/real-estate-broker/gabler-realty-llc-0041-236017430/addressId/177761,BBB
"The Greene Realty Group, LLC",(508) 517-4908,Worcester,Elmhurst,NY,,,,Real Estate Agent,,Real Estate Agent,,,A+,,,https://www.bbb.org/us/ma/worcester/profile/real-estate-agent/the-greene-realty-group-llc-0261-318967,BBB
NYC Rents and Solutions,(718) 844-0851,8800 Roosevelt Ave # 2fl,Jackson Hts,NY,11372,,,Real Estate Agent,,Real Estate Agent,,,,,,https://www.bbb.org/us/ny/jackson-hts/profile/real-estate-agent/nyc-rents-and-solutions-0121-87150886,BBB
"A Neumann & Associates, LLC",(732) 872-6777,PO Box 500,Atlantic Hlds,NJ,07716,,,Real Estate Agent,,Real Estate Agent,,,A+,,,https://www.bbb.org/us/nj/atlantic-hlds/profile/business-brokers/a-neumann-associates-llc-0221-29003238,BBB
Steadwin Finance,(855) 446-7401,Private Address,New York,NY,10022,,,Real Estate Agent,,Real Estate Agent,,,F,,,https://www.bbb.org/us/ny/new-york/profile/advance-fee-brokers/steadwin-finance-0121-179609,BBB
Spectrum Funding Solutions Corp,(973) 454-1160,405 Lexington Avenue 26th Floor,New York,NY,10174,,,Real Estate Agent,,Real Estate Agent,,,F,,,https://www.bbb.org/us/ny/new-york/profile/advance-fee-brokers/spectrum-funding-solutions-corp-0121-149517,BBB
Sunbelt BusinessBrokersof Manhattan,(646) 205-2295,347 5th Ave Suite 1402,New York,NY,10016,,,Real Estate Agent,,Real Estate Agent,,,A,,,https://www.bbb.org/us/ny/new-york/profile/business-opportunities/sunbelt-business-brokers-of-manhattan-0121-87172522,BBB
GZBrokers,(212) 213-9105,18 E 41st St Fl 10,New York,NY,10017,,,Real Estate Agent,,Real Estate Agent,,,,,,https://www.bbb.org/us/ny/new-york/profile/real-estate/gamlieli-zweig-inc-0121-125975,BBB
"Berkshire Lending Group, Ltd.",(877) 328-6582,102 West 33rd Street,New York,NY,10001,,,Real Estate Agent,,Real Estate Agent,,,,,,https://www.bbb.org/us/ny/new-york/profile/advance-fee-brokers/berkshire-lending-group-ltd-0121-156300,BBB
Eastbridge Financial Funding,(877) 857-2774,264 W 40th St,New York,NY,10018,,,Real Estate Agent,,Real Estate Agent,,,F,,,https://www.bbb.org/us/ny/new-york/profile/advance-fee-brokers/eastbridge-financial-funding-0121-165017,BBB
"CompoundRealEstateHoldings, Inc.",(800) 560-5215,1185 Avenue of the Americas Fl 3,New York,NY,10036,,,Real Estate Agent,,Real Estate Agent,,,A,,,https://www.bbb.org/us/ny/new-york/profile/bond-brokers/compound-real-estate-holdings-inc-0121-87177501,BBB
Brokering Network International LLC,(212) 738-9295,150 Myrtle Ave,Brooklyn,NY,11201,,,Real Estate Agent,,Real Estate Agent,,,,,,https://www.bbb.org/us/ny/brooklyn/profile/real-estate-broker/brokering-network-international-llc-0121-174456,BBB
BusinessBrokersInternational,(332) 237-4370,1 New York Plz Fl 29,New York,NY,10004,,,Real Estate Agent,,Real Estate Agent,,,,,,https://www.bbb.org/us/ny/new-york/profile/real-estate-investing/business-brokers-international-0121-87156126,BBB
B&ABrokersCorp.,(718) 548-3270,2724 University Avenue,Bronx,NY,10468,,,Real Estate Agent,,Real Estate Agent,,,,,,https://www.bbb.org/us/ny/bronx/profile/real-estate/ba-brokers-corp-0121-59094,BBB
"Best Buyer's Broker Realty, Inc.",(516) 887-6901,180 Hempstead Avenue,Malvern,NY,11565,,,Real Estate Agent,,Real Estate Agent,,,,,,https://www.bbb.org/us/ny/malvern/profile/real-estate/best-buyers-broker-realty-inc-0121-38527,BBB
"DistinctiveBrokers,LLC.",,128 stevens avenue,Mount Vernon,NY,10550,,,Real Estate Agent,,Real Estate Agent,,,,,,https://www.bbb.org/us/ny/mount-vernon/profile/real-estate-broker/distinctive-brokersllc-0121-165255,BBB
CityBrokersLLC,(570) 899-9140,7 S Main St,Wilkes Barre,PA,18701,,,Real Estate Agent,,Real Estate Agent,,,A+,,,https://www.bbb.org/us/pa/wilkes-barre/profile/property-management/city-brokers-llc-0241-236035188,BBB
Larissa Cleary-Realtor CityBrokersLLC,(570) 899-9140,7 S Main St Ste 214,Wilkes Barre,PA,18701,,,Real Estate Agent,,Real Estate Agent,,,A+,,,https://www.bbb.org/us/pa/wilkes-barre/profile/real-estate-agent/larissa-cleary-realtor-city-brokers-llc-0241-236034598,BBB
Tony Verdi REALTOR/Broker Associate,(401) 225-7800,1000 Division St,E Greenwich,RI,02818,,,Real Estate Agent,,Real Estate Agent,,,A+,,,https://www.bbb.org/us/ri/e-greenwich/profile/real-estate-broker/tony-verdi-realtorbroker-associate-0021-236346,BBB
Broker Reality,(570) 274-8607,1047 W Mulberry St,Coal Township,PA,17866,,,Real Estate Agent,,Real Estate Agent,,,A+,,,https://www.bbb.org/us/pa/coal-township/profile/real-estate/broker-reality-0241-236055607,BBB
DavisRealtors,(732) 254-6700,288 Summerhill Rd,E Brunswick,NJ,08816,,,Real Estate Agent,,Real Estate Agent,,,A+,,,https://www.bbb.org/us/nj/e-brunswick/profile/real-estate-broker/davis-realtors-0221-90177966,BBB
Todd and Melissa RollandRealtors,(860) 995-6104,Tolland,Elmhurst,NY,,,,Real Estate Agent,,Real Estate Agent,,,A,,,https://www.bbb.org/us/ct/tolland/profile/real-estate/allstar-powerhouse-team-at-exp-realty-0111-110096941,BBB
"Ferrigno-Storrs,RealtorsLLC",(860) 429-9351,1734 Storrs Rd,Storrs Manfld,CT,06268,,,Real Estate Agent,,Real Estate Agent,,,A+,,,https://www.bbb.org/us/ct/storrs-manfld/profile/real-estate/ferrigno-storrs-realtors-llc-0111-87012409,BBB
Postal Realtor,(888) 760-6665,72 West Street,Brooklyn,NY,11223,,,Real Estate Agent,,Real Estate Agent,,,A+,,,https://www.bbb.org/us/ny/brooklyn/profile/postcard/postal-realtor-0121-127273,BBB
LiggettRealtors,(212) 696-8686,404 E 79th St,New York,NY,10075,,,Real Estate Agent,,Real Estate Agent,,,,,,https://www.bbb.org/us/ny/new-york/profile/real-estate/liggett-realtors-0121-51954,BBB
"Weichert,Realtors- Mazzeo Agency",(212) 995-0006,51A East 25th St,New York,NY,10010,,,Real Estate Agent,,Real Estate Agent,,,,,,https://www.bbb.org/us/ny/new-york/profile/real-estate/weichert-realtors-mazzeo-agency-0121-126988/addressId/136060,BBB
World of Apartments,(212) 302-7476,66 West 39th Street-4th Fl.,New York,NY,10018,,,Real Estate Agent,,Real Estate Agent,,,,,,https://www.bbb.org/us/ny/new-york/profile/apartments/world-of-apartments-0121-56021,BBB
CitispaceRealtors,(212) 721-9000,59 W. 73rd St.,New York,NY,10023,,,Real Estate Agent,,Real Estate Agent,,,,,,https://www.bbb.org/us/ny/new-york/profile/property-management/citispace-realtors-0121-6831,BBB
CompassRealtors,(337) 436-6639,110 5th Ave,New York,NY,10011,,,Real Estate Agent,,Real Estate Agent,,,A+,,,https://www.bbb.org/us/ny/new-york/profile/real-estate/compass-realtors-0925-9000173/addressId/20137,BBB
M & LRealtorsLLC,(332) 238-0176,149 5th Ave,New York,NY,10010,,,Real Estate Agent,,Real Estate Agent,,,B-,,,https://www.bbb.org/us/ny/new-york/profile/real-estate-services/m-l-realtors-llc-0121-87156658,BBB
Zev PollackRealtors,(718) 851-4100,PO Box 190348,Brooklyn,NY,11219,,,Real Estate Agent,,Real Estate Agent,,,,,,https://www.bbb.org/us/ny/brooklyn/profile/real-estate/zev-pollack-realtors-0121-47164,BBB
"Weichert,Realtors",(718) 232-1004,1524 86th Street,Brooklyn,NY,11228,,,Real Estate Agent,,Real Estate Agent,,,A+,,,https://www.bbb.org/us/ny/brooklyn/profile/real-estate/the-franzese-group-0121-101905,BBB
REALTOR IN BROOKLYN - MAKSYM MYSAK,(347) 770-1363,8403 3rd Ave,Brooklyn,NY,11209,,,Real Estate Agent,,Real Estate Agent,,,A+,,,https://www.bbb.org/us/ny/brooklyn/profile/real-estate-agent/realtor-in-brooklyn-maksym-mysak-0121-183038,BBB
New AgeRealtorsInc,(929) 222-4200,5776 Mosholu Avenue,Bronx,NY,10471,,,Real Estate Agent,,Real Estate Agent,,,,,,https://www.bbb.org/us/ny/bronx/profile/real-estate-agent/remax-in-the-city-0121-161569,BBB
DiscountRealtorsInc.,(646) 399-5032,324 N High St,Mount Vernon,NY,10550,,,Real Estate Agent,,Real Estate Agent,,,,,,https://www.bbb.org/us/ny/mount-vernon/profile/real-estate-broker/discount-realtors-inc-0121-124585,BBB
The Staten Island Board ofRealtors,(718) 979-0007,1535-A Richmond Avenue,"Suite 3 , Staten Island",NY,10314,,,Real Estate Agent,,Real Estate Agent,,,A+,,,https://www.bbb.org/us/ny/staten-island/profile/real-estate-agent/the-staten-island-board-of-realtors-0121-108978,BBB
WeichertRealtors,(908) 687-4800,East Orange,Elmhurst,NY,,,,Real Estate Agent,,Real Estate Agent,,,A+,,,https://www.bbb.org/us/nj/east-orange/profile/real-estate/weichert-realtors-0221-90157491,BBB
Robert Orfino Realtor,(908) 731-5818,Union,Elmhurst,NY,,,,Real Estate Agent,,Real Estate Agent,,,A+,,,https://www.bbb.org/us/nj/union/profile/real-estate-agent/robert-orfino-realtor-0221-90179954,BBB
Realty Executives ExceptionalRealtors,(973) 305-5880,363 Route 23,Pompton Plns,NJ,07444,,,Real Estate Agent,,Real Estate Agent,,,A+,,,https://www.bbb.org/us/nj/pompton-plns/profile/real-estate-broker/real-estate-consultants-llc-0221-17003096/addressId/116355,BBB
A.J. Dell'Omo Inc.Realtors,(732) 263-5000,3455 Route 66 Ste 1,Neptune,NJ,07753,,,Real Estate Agent,,Real Estate Agent,,,A+,,,https://www.bbb.org/us/nj/neptune/profile/real-estate-agent/aj-dellomo-inc-realtors-0221-90109865,BBB
Remax Bay PointRealtors,(732) 899-8202,526 Bay Avenue,Pt. Pleasant,NJ,08742,,,Real Estate Agent,,Real Estate Agent,,,,,,https://www.bbb.org/us/nj/pt-pleasant/profile/real-estate/remax-bay-point-realtors-0221-1005822,BBB
Coldwell BankerRealtors,(609) 799-8181,50 Princeton-Hightstown Road,Princeton Jct,NJ,08550,,,Real Estate Agent,,Real Estate Agent,,,,,,https://www.bbb.org/us/nj/princeton-jct/profile/real-estate/coldwell-banker-realtors-0221-10001273,BBB
BirchlerRealtors,(732) 830-3333,1901 Route 35 N Ste 4,Seaside Hgts,NJ,08751,,,Real Estate Agent,,Real Estate Agent,,,,,,https://www.bbb.org/us/nj/seaside-hgts/profile/vacation-rentals/birchler-realtors-0221-90184172,BBB
First Choice Housing LLC,(718) 785-6091,9416 Corona Ave,Elmhurst,NY,11373,,,Real Estate Agent,,Real Estate Agent,,,A+,,,https://www.bbb.org/us/ny/elmhurst/profile/building-construction-consultants/first-choice-housing-llc-0121-87145685,BBB
Avanguard Realty Corporation,,3202 30th Ave Ste 201,Long Is City,NY,11102,,,Real Estate Agent,,Real Estate Agent,,,A+,,,https://www.bbb.org/us/ny/long-is-city/profile/real-estate/avanguard-realty-corporation-0121-105691,BBB
"CrossCountry Mortgage, LLC",(877) 351-3400,61 Greenpoint Ave. Suite 642,Brooklyn,NY,11222,,,Real Estate Agent,,Real Estate Agent,,,A+,,,https://www.bbb.org/us/ny/brooklyn/profile/mortgage-broker/crosscountry-mortgage-llc-0121-87183638/addressId/294451,BBB
"Grayton Mortgage, Inc.",(718) 395-2600,37 Greenpoint Ave Ste 414 Mailbox #32,Brooklyn,NY,11222,,,Real Estate Agent,,Real Estate Agent,,,A+,,,https://www.bbb.org/us/ny/brooklyn/profile/mortgage-lenders/grayton-mortgage-inc-0121-149322,BBB
Bedford Management Company,(718) 388-0025,230 N 6th St Fl 1,Brooklyn,NY,11211,,,Real Estate Agent,,Real Estate Agent,,,A+,,,https://www.bbb.org/us/ny/brooklyn/profile/property-management/bedford-management-company-0121-155751,BBB
Glenwood Management Corp.,(516) 354-1540,1440 York Ave,New York,NY,10075,,,Real Estate Agent,,Real Estate Agent,,,A+,,,https://www.bbb.org/us/ny/new-york/profile/property-management/glenwood-management-corp-0121-36982/addressId/33861,BBB
Waterman Realty and Tax Pro LLC,(347) 934-2895,228 Malcolm X Blvd Unit 1A,Brooklyn,NY,11221,,,Real Estate Agent,,Real Estate Agent,,,A+,,,https://www.bbb.org/us/ny/brooklyn/profile/real-estate-broker/waterman-realty-and-tax-pro-llc-0121-166617,BBB
Bettina Equities Management LLC,(212) 772-8830,230 East 85th Street,New York,NY,10028,,,Real Estate Agent,,Real Estate Agent,,,A+,,,https://www.bbb.org/us/ny/new-york/profile/property-management/bettina-equities-management-llc-0121-13782,BBB
"Right ChoiceRealEstate, LLC",(347) 554-7883,221 East 106th Street,"Suite 18D , New York",NY,10029,,,Real Estate Agent,,Real Estate Agent,,,A+,,,https://www.bbb.org/us/ny/new-york/profile/real-estate-appraiser/right-choice-appraisal-service-0121-140837,BBB
Roc 360 LLC,(212) 607-8333,645 Madison Ave Fl 19,New York,NY,10022,,,Real Estate Agent,,Real Estate Agent,,,A+,,,https://www.bbb.org/us/ny/new-york/profile/real-estate-consultant/roc-360-llc-0121-87151321,BBB
Roc Capital Holdings LLC,(212) 607-8333,645 Madison Ave Fl 19,New York,NY,10022,,,Real Estate Agent,,Real Estate Agent,,,A+,,,https://www.bbb.org/us/ny/new-york/profile/real-estate-loans/roc-capital-holdings-llc-0121-87151316,BBB
Tamarisk Appraisals LLC,(212) 331-8449,645 Madison Ave Fl 19,New York,NY,10022,,,Real Estate Agent,,Real Estate Agent,,,A,,,https://www.bbb.org/us/ny/new-york/profile/real-estate-appraiser/tamarisk-appraisals-llc-0121-87151320,BBB
"Rosenberg & Estis, P.C.",(212) 867-6000,733 3rd Ave Fl 14,New York,NY,10017,,,Real Estate Agent,,Real Estate Agent,,,A+,,,https://www.bbb.org/us/ny/new-york/profile/real-estate-lawyer/rosenberg-estis-pc-0121-87159107,BBB
Truehold,(866) 815-5081,780 3rd Ave Rm 1500,New York,NY,10017,,,Real Estate Agent,,Real Estate Agent,,,A+,,,https://www.bbb.org/us/ny/new-york/profile/real-estate-services/truehold-0121-87151076,BBB
Roytberg Traum Law and Mediation P.C.,(888) 293-7930,The Chrysler Building 405 Lexington Avenue,"26th Floor , New York",NY,10174,,,Real Estate Agent,,Real Estate Agent,,,A+,,,https://www.bbb.org/us/ny/new-york/profile/lawyers/roytberg-traum-law-and-mediation-pc-0121-150876/addressId/224967,BBB
Tully Rinckey PLLC,(518) 218-7100,420 Lexington Ave Rm 1601,New York,NY,10170,,,Real Estate Agent,,Real Estate Agent,,,A+,,,https://www.bbb.org/us/ny/new-york/profile/employment-lawyers/tully-rinckey-pllc-0121-87177123/addressId/286500,BBB
"Law Office of Julio E. Portilla, P.C.",,380 Lexington Ave Ste 446,New York,NY,10168,,,Real Estate Agent,,Real Estate Agent,,,A+,,,https://www.bbb.org/us/ny/new-york/profile/lawyers/law-office-of-julio-e-portilla-pc-0121-155558,BBB
Associa New York - Poughkeepsie,(877) 277-6242,9 E 38th St Fl 6,New York,NY,10016,,,Real Estate Agent,,Real Estate Agent,,,A+,,,https://www.bbb.org/us/ny/new-york/profile/property-management/associa-new-york-poughkeepsie-0121-87137072/addressId/221754,BBB
"The Walker Firm, PLLC",(917) 301-6106,10 E 39th St # 12THFL,New York,NY,10016,,,Real Estate Agent,,Real Estate Agent,,,A+,,,https://www.bbb.org/us/ny/new-york/profile/lawyers/the-walker-firm-pllc-0121-87156184,BBB
Citadel Property Management Corp,(646) 654-0722,513 East 13th Street,New York,NY,10009,,,Real Estate Agent,,Real Estate Agent,,,A+,,,https://www.bbb.org/us/ny/new-york/profile/real-estate/citadel-property-management-corp-0121-157676,BBB
"New York Design Center, Inc.",(212) 679-9500,200 Lexington Avenue,New York,NY,10016,,,Real Estate Agent,,Real Estate Agent,,,A+,,,https://www.bbb.org/us/ny/new-york/profile/real-estate/new-york-design-center-inc-0121-49296,BBB
"The Law Office of Alexander Paykin, PC",(855) 692-2889,45 Rockefeller Plaza,"20th Floor , New York",NY,10111,,,Real Estate Agent,,Real Estate Agent,,,A+,,,https://www.bbb.org/us/ny/new-york/profile/lawyers/the-law-office-of-alexander-paykin-pc-0121-158281/addressId/232906,BBB
Fensterstock Law PLLC,(212) 286-1810,521 5th Ave Ste 1700,New York,NY,10175,,,Real Estate Agent,,Real Estate Agent,,,A+,,,https://www.bbb.org/us/ny/new-york/profile/lawyers/fensterstock-law-pllc-0121-151934,BBB
Krislen Management Corp.,(718) 892-8888,1325 Lafayette Avenue,Bronx,NY,10474,,,Real Estate Agent,,Real Estate Agent,,,A+,,,https://www.bbb.org/us/ny/bronx/profile/real-estate-development/krislen-management-corp-0121-121852,BBB
All Area Realty Services Inc.,(212) 721-0707,20 Clinton St Suite C7,New York,NY,10002,,,Real Estate Agent,,Real Estate Agent,,,A+,,,https://www.bbb.org/us/ny/new-york/profile/property-management/all-area-realty-services-inc-0121-39081/addressId/209976,BBB
Macon Property Management Group LLC.,(917) 652-4444,371 Utica Ave,Brooklyn,NY,11213,,,Real Estate Agent,,Real Estate Agent,,,A+,,,https://www.bbb.org/us/ny/brooklyn/profile/property-management/macon-property-management-group-llc-0121-87180674,BBB
BrightBridge Realty Capital LLC,(917) 426-1654,135 W 50th St Ste 200,New York,NY,10020,,,Real Estate Agent,,Real Estate Agent,,,A,,,https://www.bbb.org/us/ny/new-york/profile/real-estate-loans/brightbridge-realty-capital-llc-0121-87175457,BBB
Yossi Stern Construction &RealEstateManagement Inc.,(718) 467-1500,1486 Union Street,Brooklyn,NY,11213,,,Real Estate Agent,,Real Estate Agent,,,A+,,,https://www.bbb.org/us/ny/brooklyn/profile/general-contractor/yossi-stern-construction-real-estate-management-inc-0121-112382,BBB
RLTYCo Inc.,(212) 380-8122,1407 Broadway Fl 25,New York,NY,10018,,,Real Estate Agent,,Real Estate Agent,,,A+,,,https://www.bbb.org/us/ny/new-york/profile/financing/rltyco-inc-0121-87175694,BBB
New YorkRealEstateInstitute,(212) 967-7508,132 W 36th St Frnt 2,New York,NY,10018,,,Real Estate Agent,,Real Estate Agent,,,A+,,,https://www.bbb.org/us/ny/new-york/profile/business-school/new-york-real-estate-institute-0121-81930,BBB
Outpost,(833) 707-6611,450 Fashion Ave Ste 2309 Fl 23,New York,NY,10123,,,Real Estate Agent,,Real Estate Agent,,,A+,,,https://www.bbb.org/us/ny/new-york/profile/property-management/outpost-0121-87153380,BBB
June Homes,(888) 604-6697,450 Fashion Ave #2309,New York,NY,10123,,,Real Estate Agent,,Real Estate Agent,,,B+,,,https://www.bbb.org/us/ny/new-york/profile/real-estate-rentals/june-homes-0121-87152703,BBB
Marcus Attorneys,(718) 643-6555,13 Greene Ave,Brooklyn,NY,11238,,,Real Estate Agent,,Real Estate Agent,,,A+,,,https://www.bbb.org/us/ny/brooklyn/profile/lawyers/marcus-attorneys-0121-148684,BBB
Eventual,(808) 721-0956,35 White St,New York,NY,10013,,,Real Estate Agent,,Real Estate Agent,,,A,,,https://www.bbb.org/us/ny/new-york/profile/insurance-software/eventual-0121-87178713,BBB
The Law Office of Amel Spahija PLLC,(646) 453-4001,437 16th St,Brooklyn,NY,11215,,,Real Estate Agent,,Real Estate Agent,,,A-,,,https://www.bbb.org/us/ny/brooklyn/profile/criminal-lawyer/the-law-office-of-amel-spahija-pllc-0121-87183462,BBB
"Serpico, Serpico & Siddiqui, P.C.",(718) 875-4003,188 Montague St Ste 900,Brooklyn,NY,11201,,,Real Estate Agent,,Real Estate Agent,,,A+,,,https://www.bbb.org/us/ny/brooklyn/profile/real-estate-lawyer/serpico-serpico-siddiqui-pc-0121-151492,BBB
S’atir Services and Solutions LLC,(212) 287-4826,56 Morton St Bsmt,New York,NY,10014,,,Real Estate Agent,,Real Estate Agent,,,A-,,,https://www.bbb.org/us/ny/new-york/profile/facility-maintenance/satir-services-and-solutions-llc-0121-87183444,BBB
"AboutRealEstateNY, LLC",(718) 690-1365,15 Metrotech Ctr Ste 7,Brooklyn,NY,11201,,,Real Estate Agent,,Real Estate Agent,,,A+,,,https://www.bbb.org/us/ny/brooklyn/profile/real-estate-broker/about-real-estate-ny-llc-0121-87174782,BBB
The Law Office of Sergio Marquez,(718) 293-1000,1015 Grand Concourse Ofc 1F,Bronx,NY,10452,,,Real Estate Agent,,Real Estate Agent,,,A+,,,https://www.bbb.org/us/ny/bronx/profile/family-lawyer/the-law-office-of-sergio-marquez-0121-148281,BBB
Michael B. Palillo PC,(212) 608-8959,277 Broadway,"Suite 501 , New York",NY,10007,,,Real Estate Agent,,Real Estate Agent,,,A+,,,https://www.bbb.org/us/ny/new-york/profile/lawyers/michael-b-palillo-pc-0121-31202/addressId/28599,BBB
"Parkchester Bronx Realty, Inc.",(718) 989-8505,1466 Metropolitan Ave Apt 3,Bronx,NY,10462,,,Real Estate Agent,,Real Estate Agent,,,A+,,,https://www.bbb.org/us/ny/bronx/profile/real-estate/parkchester-bronx-realty-inc-0121-166623/addressId/230420,BBB
Orchard,(844) 515-9880,195 Broadway 26th Floor,New York,NY,10007,,,Real Estate Agent,,Real Estate Agent,,,A+,,,https://www.bbb.org/us/ny/new-york/profile/real-estate/orchard-0121-173809,BBB
"Jeffrey B. Peltz, P.C.",(718) 625-0800,225 Broadway,"Ste. 1900 , New York",NY,10007,,,Real Estate Agent,,Real Estate Agent,,,A+,,,https://www.bbb.org/us/ny/new-york/profile/lawyers/jeffrey-b-peltz-pc-0121-179010,BBB
NYC BEST PROPERTY MANAGEMENT,(718) 971-2282,92 Luquer St,Brooklyn,NY,11231,,,Real Estate Agent,,Real Estate Agent,,,A+,,,https://www.bbb.org/us/ny/brooklyn/profile/property-management/nyc-best-property-management-0121-87177007,BBB
CrossCountry Mortgage LLC,(440) 262-3500,1061 Morris Park Avenue Storefront,Bronx,NY,10461,,,Real Estate Agent,,Real Estate Agent,,,A+,,,https://www.bbb.org/us/ny/bronx/profile/mortgage-broker/crosscountry-mortgage-llc-0121-87137355/addressId/273221,BBB
"The Law Office of Izidor Mikhli, PLLC",(212) 933-9298,3118 Quentin Road 2nd Floor,Brooklyn,NY,11234,,,Real Estate Agent,,Real Estate Agent,,,A+,,,https://www.bbb.org/us/ny/brooklyn/profile/lawyers/the-law-office-of-izidor-mikhli-pllc-0121-161448,BBB
Brooklyn Funding Group Ltd.,(917) 830-7144,33 35th St Unit A404,Brooklyn,NY,11232,,,Real Estate Agent,,Real Estate Agent,,,A+,,,https://www.bbb.org/us/ny/brooklyn/profile/financial-consultants/brooklyn-funding-group-ltd-0121-87152910,BBB
J. Wasser & Co.,(718) 854-5205,1261 39th Street,"3rd Floor , Brooklyn",NY,11218,,,Real Estate Agent,,Real Estate Agent,,,A+,,,https://www.bbb.org/us/ny/brooklyn/profile/property-management/j-wasser-co-0121-134724,BBB
"Gutman Management, Co. Inc.",(718) 851-6259,4907 18th Ave,Brooklyn,NY,11204,,,Real Estate Agent,,Real Estate Agent,,,A+,,,https://www.bbb.org/us/ny/brooklyn/profile/property-management/gutman-management-co-inc-0121-22852,BBB
Alatsas Law Firm,(718) 233-2903,2115 Avenue U,Brooklyn,NY,11229,,,Real Estate Agent,,Real Estate Agent,,,A+,,,https://www.bbb.org/us/ny/brooklyn/profile/family-lawyer/alatsas-law-firm-0121-152837,BBB
JalenRealEstateCorp.,(718) 439-6464,7018 Fort Hamilton Pkwy,Brooklyn,NY,11228,,,Real Estate Agent,,Real Estate Agent,,,A+,,,https://www.bbb.org/us/ny/brooklyn/profile/real-estate/jalen-management-company-0121-13323,BBB
"The Law Offices of Joseph A. Marra, PLLC",(914) 964-6806,25 E 233rd St,Bronx,NY,10470,,,Real Estate Agent,,Real Estate Agent,,,A+,,,https://www.bbb.org/us/ny/bronx/profile/dui-lawyer/the-law-offices-of-joseph-a-marra-pllc-0121-148680/addressId/166459,BBB
"Residential Equity Partners, Inc.",(800) 800-7870,2753 Coney Island Ave Ste 217,Brooklyn,NY,11235,,,Real Estate Agent,,Real Estate Agent,,,A+,,,https://www.bbb.org/us/ny/brooklyn/profile/real-estate-services/residential-equity-partners-inc-0121-160925/addressId/294161,BBB
The Law Office of Caridi PC,(718) 921-2280,9809 4th Ave,Brooklyn,NY,11209,,,Real Estate Agent,,Real Estate Agent,,,A+,,,https://www.bbb.org/us/ny/brooklyn/profile/lawyers/the-law-office-of-caridi-pc-0121-108314,BBB
"Pliskin Realty & Development, Inc.",(516) 997-0100,591 Stewart Ave,"Suite 100 , Garden City",NY,11530,,,Real Estate Agent,,Real Estate Agent,,,A+,,,https://www.bbb.org/us/ny/garden-city/profile/real-estate-development/pliskin-realty-development-inc-0121-121265,BBB
"Advanced Property Management, Inc.",(973) 975-0000,Park 80 West Plaza II,"250 Pehle Ave Suite 200 , Saddle Brook",NJ,07663,,,Real Estate Agent,,Real Estate Agent,,,A+,,,https://www.bbb.org/us/nj/saddle-brook/profile/property-management/advanced-property-management-inc-0221-90060170,BBB
Jacoby & Jacoby,(631) 289-4600,2545 Hempstead Turnpike,"Suite 304 , East Meadow",NY,11554,,,Real Estate Agent,,Real Estate Agent,,,A+,,,https://www.bbb.org/us/ny/east-meadow/profile/bankruptcy-attorney/jacoby-jacoby-0121-150789/addressId/169491,BBB
